a01,Autonomy in personal decisions in household
1,2.8
2,2
3.1,4
3.2,3
4,2.4
5,3.333333333
6,3
7,3
8,3
9,3.25
10.1,3
10.2,3
11.1,3
11.3,4
12,3.4
13,3.5
14,3
15,3
16.1,3
16.2,3
17,2.6
18.1,3.4
18.2,4
19,2.666666667
23,2
24,4
26,4
27,2.833333333
28,3
29,4
30.1,3
30.2,4
31,3
32,3.5
33,2.833333333
34,4
35,3
36,3.166666667
37,3.8
38.1,3
38.2,2.5
39,1.6
40,2.428571429
41,3.5
42,3
43,2.4
44,2
45,3
46,3
47,3
48,3.2
49,2.2
51,3.2
52,3.166666667
53,3.6
54,3.333333333
56,2.166666667
58,3.833333333
61,3
63,3
66,2
67,2
68,2
69.1,1.8
69.2,2
70,3
71,3.666666667
72,1.666666667
73,3
74,3.166666667
76,2
78,3.333333333
79,4
80,1
81,3.2
82,4
83,3.333333333
85,4
86,4
90,4
91,4
92,4
93.1,2.166666667
93.2,3.5
94,2.666666667
95,3.333333333
96,4
97,4
99,3.833333333
100.1,3.5
101,4
102,4
103,3.6
104,4
106,3
108,1
109,4
110,1.5
111,3
112,2
113,2.666666667
114,4
116,4
117,1.5
118,1
120,4
122,1.285714286
124,3.6
126,2
128,4
129,3.2
130,2
131,3
132,4
134,4
135,1
136,3
137,4
140,2.4
141,4
142.1,1
142.2,1
143,4
144,1
145,4
147,4
148.1,4
148.2,1
148.3,4
149,4
150,1.5
151,3.8
152,1
153,3
154,3
155,3.8
157,4
160,3.666666667
161,2
162,2
163,3.333333333
164,3
165,3.5
166,2
167,4
168,2.4
169,2.4
170,3
171,4
172,4
174,4
175,3.833333333
176,2
178,4
179,3.2
180,2
182,1.6
184,1.666666667
185,3.666666667
186,4
187,2.8
189,2.333333333
191.1,2.25
191.2,4
192,2
193,1.833333333
194,2
195.2,2
196,1.8
197,3
198,3.5
201,2
202,1
203,2.5
204,2.6
205,3
206,2.5
207,3
208,2
209.1,2.4
209.2,1.5
210.1,3.666666667
210.2,4
212.1,2
212.2,2
214,3
215.2,3.4
216,4
218,2
219,4
220,2
221,2.5
222.1,2.25
222.2,3
223,2.8
224,4
225,2.833333333
226,2.4
227,2.5
228,2.4
230,3
232,2.5
233,4
234,2.5
235,4
238,4
239,3
240.1,2.5
240.2,2.666666667
241,3.6
242,2.6
243,3
244,3
245,2.833333333
246,3.6
247,2
248,3
249,1
250,1.166666667
251,4
252,1
254,4
255,3.166666667
256,3.5
258,3
260,2.4
261,3.333333333
262,4
263,1.8
264,1.666666667
265,4
267,2
269,4
270,2
271,2
275,2.5
276,3
277,4
278,4
279,2.5
280.1,2.5
280.2,1.5
281,1.4
282.1,4
282.2,4
284,4
285,4
286.1,1
286.2,4
287,2
288,4
289,4
290,4
291,3
292,1
293,2.2
294,2
295,3
296,1
297,1.8
298,3.2
300,2.8
302,4
303,2.833333333
304,3
305,1
308,1.5
309,4
310,4
311,1.333333333
312,4
314,4
315,3
316.1,2.666666667
316.2,4
316.3,1.4
317,4
318,2.5
320,1.2
322.1,4
322.2,4
323,4
324,2.4
325,4
326,2.8
328,1.5
329.1,1.2
329.2,3
331,3.5
332,4
333,1
334,1
336.1,4
336.2,2
337,4
338.1,3.5
338.2,3
339,4
341,3.5
342,4
343,3.4
345,4
346,4
347,4
348,2.285714286
349,1.75
350,2.333333333
351,3.5
352,4
353,3.666666667
354,3.333333333
356,3.5
358,4
360,4
361,3
362,3.166666667
363,3
364,2.5
365,4
366,4
367,2
368.1,1.666666667
368.2,3.333333333
369,4
370,2
371,3.333333333
372,3.5
373,3.285714286
374,3
376,3
377.1,4
377.2,3.333333333
378,3.333333333
379,3
380,3.5
381,2
382,2.666666667
383,3
384,3.166666667
385,2
386,2
387,3.2
388,2.5
389,4
390,4
391,3.5
392,4
393,3.333333333
394,2
395,3.5
396,3.5
397,2
398,2.333333333
400,4
401,2.8
402,3
403,3.166666667
404,4
405,3
408,2.5
409,3.333333333
410,2.857142857
411,3
412,4
413,3.5
414,3.333333333
415,4
416,3.666666667
417,4
418,3
419,4
420,3.166666667
421,3.25
422,4
423,3
424,2.5
425,4
426,3
427,4
428,3
429,3
430,3.5
431,4
432,4
433,2.5
434,3
435,3.333333333
436,3.5
437.1,4
438.2,3.5
439,4
440.1,3.166666667
441,3
442,4
443,3.2
444,3
445,3.2
446,4
447,3.2
448,4
449,3
450,4
452,4
453,4
455,2.5
456,3.333333333
457,3.5
458,3
459,4
460,3
461,3.5
462,3.25
463,3
464.1,4
464.2,4
465,3
466,4
467.1,4
467.2,3.5
468,2.5
469,2.833333333
471,3.2
472,3.833333333
473,3.166666667
474.1,3.333333333
474.2,3
475,3.142857143
476,3.333333333
478,3
479,1.333333333
480,3.333333333
481,4
482,4
483.1,1.666666667
484.1,4
484.2,2.4
485,4
486,3.5
487,4
489,2
490.1,3
491.2,4
492,2.2
493,4
494,2.6
495.1,1
495.2,2.8
496,3
497,4
499,3
500,2
502,2
503,3.666666667
505,3
506,4
507,3
509,2
510,4
511,2
512,4
513,3.5
514,2
515,3
516,4
517,3
518,4
519,3.5
521,4
522,2
523.1,1.5
523.2,2
524,2
525,2
526,2.166666667
527,4
529,3.4
530,3
531,4
532.1,2.666666667
532.2,2
533,3.2
534,3
535.1,3
535.2,1
535.4,2
535.5,3
539,4
540,4
541,3
542.1,2.2
542.2,2.6
543,4
545,2.6
546,3
547,3.833333333
549,3.4
551,4
552,2.833333333
553,2
554,3
555,3
556,4
557,3
558,2.4
559,4
560,4
561,2.5
562,4
563,2.166666667
564,3
565,2.2
567,3.5
569,3
570,2
571,4
572,3
573,4
574,4
575,4
576,2.6
577,2
578,2
579,3
580,1
581.11,3.6
581.12,3.4
581.2,3
581.3,3
582.1,4
583.1,4
583.2,4
584,3
585,2
586,2
587,2.5
588,2.5
589,4
591,2.2
592,4
593,3
594,2
595.1,3
595.2,3
596,2.5
597.1,2
597.2,3
598,2
599.1,2
599.2,3
600,2
602,3
604,1
605.2,3
606,2
608,3.666666667
609,2.333333333
610,3.166666667
611,4
612,2.2
613,4
615,2.166666667
616,3.833333333
617,4
618,2
619,3
620,3
621,2.5
622,3.833333333
623,2.166666667
625,2
627,2.166666667
628,2
629,2.666666667
631,2.75
632,3.333333333
633,3.8
634,2.333333333
635.1,2.2
635.2,2.75
636,2.333333333
641,4
643,3.6
644,2.166666667
645,1.166666667
646,1.833333333
648,2.5
650,3
652,2
653,2
654.1,3.166666667
654.2,2
655.1,1.6
655.2,2
656,2.5
658,4
659,3.333333333
660.1,2.8
660.2,2
661,2
662,3
663,2
664,3
666.1,3.8
666.2,3.333333333
667,3
668,1.5
669,3.666666667
670,4
674,2.6
675,3
676,3.2
677.1,2.8
677.2,1.666666667
678,2.4
679,1
680,2
681,2.4
682,2
684,2
685,2.333333333
686,2
687,3.333333333
688,3.5
689,4
690,4
692.1,3
692.2,2
693,2
695,3.5
696,3
697,3
698,2
699,2.5
700,3
701,3.5
702,4
703,2
704,3
705,4
706,1.5
707,1.6
708,1.166666667
709,1
710.1,1.833333333
710.2,4
711,2.166666667
712,1.833333333
713,1.333333333
714,3.5
715,4
716,4
717,4
718,4
719,1.666666667
720,1.6
721,3.5
722,4
724,3.333333333
725.1,3
725.2,3.333333333
726,4
727.1,1.6
727.2,2
727.3,3
728,4
729,3
730,4
731,3
733,4
735,4
736,4
737.1,3
737.2,3.5
738,4
739,2
741,4
742,4
744,4
745,4
746.1,4
746.2,4
747,4
748,3.4
749,4
750,3.5
751.1,1.8
751.2,4
752,4
753.11,3
753.13,4
753.2,4
754,4
755,2.666666667
756,4
758,4
760.1,3
761.1,2
761.2,3
762,4
764,2
765.11,2.6
765.12,1.5
766,4
767,2.666666667
768,1.666666667
769,4
770,4
771,4
772,4
773.1,3
774,2
775,2.5
776,3.333333333
777,3.5
778,4
779.1,2
779.2,2.666666667
781,2.6
782,2.833333333
783,3.166666667
784,4
786,2.5
787,4
788,4
789,2.4
790,3.5
791,4
793,3.4
794,3
795,3.5
796,1
798,4
799,4
800,4
801,2.8
803,4
804,4
805.1,3
805.2,4
806,4
807,3.5
808,4
809,4
810,3.5
811,4
812,2
813,4
814,3.5
815,3
817,4
818,2
819,4
820.1,3
820.2,4
821,2
822,4
823.1,3.5
823.2,2.2
824,4
825.2,4
826,2.6
827,4
829,3
831,3.8
832,4
833,4
836,2
837,4
838,4
839.1,3.5
839.2,2.333333333
840,4
841,4
842,1.6
843,1.4
844,4
845.1,3.5
845.2,2
846,2
847,2.333333333
848,3.666666667
849,4
850,1.333333333
851,1.666666667
852,4
853,3.4
854,4
855,4
856,1.5
857,1.666666667
858,2.8
859,4
860.1,4
860.2,4
861,4
862,4
863,4
864,4
865,3
867,1
868,4
869,3
870,4
871,4
872,3.666666667
874,4
875,4
876,3.333333333
877,3
878,4
879,4
880,4
881,4
882.2,3.25
882.3,4
883,4
884,4
886,4
887,4
890,4
891,3
892,4
893,4
894,4
895,3
896.11,3
896.12,3
896.2,3
897,3
899,4
900,4
901,4
904,1
906,4
907,2
910,4
911,4
912,4
913,4
914,1
915.1,1
915.2,3
916,3
917,1.5
918,1
919,1
920,3
921,4
922,4
924,4
925,4
927,4
930,1
931,4
933,2
934,1
935,4
936,1.666666667
942,2.5
943,3.25
947,4
948,3.25
949.1,1.5
950,1.6
952,4
953,2.666666667
954,3.5
955,4
956,1
957,1.666666667
958,4
959,3
960,4
963,3
964,3
965,1
966,1
967,2
968,1
969,3
971,4
973,3.333333333
974,3
975,3.5
976,4
978,1
979,1
981,1
983,4
985,1
989,1
990,1
991,4
992,3.4
993.1,3
995,4
996,3.2
997,1
998,4
999,4
1000,1
1001,1
1003,4
1005,3.5
1006,4
1007.1,4
1007.2,2.75
1008,4
1009,2.8
1010,1
1011,4
1012,4
1013,3
1016,2.5
1017,1
1019,4
1020,1
1021,2.5
1022,1.5
1025,3.75
1028,4
1029,1.666666667
1030,3.5
1031,1
1032,3.333333333
1035.1,3
1035.3,1
1036,4
1037,4
1038,3
1039,2.5
1040.1,1
1041,4
1042,1.5
1044,4
1045,4
1046,1
1048,1
1049,1
1050,4
1052,3.833333333
1053,2.5
1054,4
1055,1.5
1056,4
1057,4
1058,1.5
1059,3
1061,4
1062,1
1063,4
1064,4
1065,4
1067,1
1069,1
1070,4
1071,3.75
1075,1
1076,1
1079.1,1
1079.3,1.4
1080,2.75
1081,2
1082,1
1083,1
1085,3.5
1086,4
1087,3
1088,4
1089,1
1091,1.2
1092,1
1093.2,4
1094,3
1097,4
1098,4
1099,2
1100,1
1101,2
1102,3.5
1103,3.5
1106,4
1107,4
1109,4
1111,4
1112,4
1114,3.5
1115,4
1117,3.4
1118,2
1119,3
1120,2.666666667
1121,4
1123,3
1124,3.666666667
1126,4
1128,3.833333333
1130,2.6
1133,4
1135,2.6
1137,2
1138,3.5
1140,3
1141,2.5
1142,2
1143.1,3.166666667
1143.2,3.5
1144,3.2
1145,2
1147.1,2
1147.2,2
1148,3.2
1149,4
1150,2.4
1151,4
1152,4
1153,4
1155.1,2.666666667
1155.2,2.2
1155.3,3.4
1157,1.8
1158,3.2
1159,4
1160,2.6
1163,2.5
1165,3.5
1166,1.4
1168,4
1169,3
1170,2
1172,1.5
1173,2
1174,4
1175,3
1176,4
1177,1.666666667
1178,2
1179,4
1181,2.333333333
1182,4
1183.1,3
1183.2,3.333333333
1184,3
1186,2.333333333
1187,4
1188,4
1189,3.166666667
1190,4
1192,3
1194.1,2.666666667
1194.2,3
1196,3
1197,3.6
1199,3.166666667
1200,3
1201,3.166666667
1202,3.666666667
1203,2.5
1204,2.333333333
1205,3.5
1206,3.5
1207,4
1208,3.333333333
1209,4
1210,4
1211,4
1212,2.333333333
1213,3.166666667
1214,3.2
1215,3
1216,4
1217,3
1220,3
1221,3.2
1222,4
1224,3
1226,4
1227,2.833333333
1230,3
1232,4
1233,4
1234,4
1235,4
1236,2.5
1238,1.4
1239,2.333333333
1240.1,2.666666667
1240.2,4
1241,2.666666667
1242,2.333333333
1243,2.666666667
1244,2.833333333
1246.1,4
1246.2,2.5
1247,2.2
1248,4
1249,3.571428571
1250,2.4
1253,4
1254,2
1255,3.714285714
1256,2
1257,2
1258,2
1259,2.833333333
1260,2.833333333
1261,3.333333333
1262,2.4
1263,2.4
1264,3
1265,3.5
1266,2
1267,2.4
1268,2.666666667
1269,3
1270,2.333333333
1271,2.833333333
1272,3.5
1273,3.5
1274.11,3
1274.12,2
1274.2,2
1275,3.333333333
1276.1,4
1276.2,4
1277,2
1278,2.333333333
1279,2.666666667
1280,2
1281,4
1282,2.666666667
1283,3.333333333
1284,1.833333333
1285,2
1286,3.714285714
1287,2.666666667
1288,2.4
1289,3.333333333
1290,2.333333333
1291,4
1293,4
1295,2.5
1296,1.833333333
1297,1.4
1298.1,2.833333333
1298.2,4
1299,4
1300.1,2.666666667
1300.2,2.666666667
1301.1,3.333333333
1301.2,4
1302,2.75
1303.1,3.714285714
1303.2,3.5
1304,2
1305.1,1.75
1305.2,3.5
1306,2.666666667
1307.1,2.166666667
1307.2,2.2
1307.3,2.6
1308,3.142857143
1309.11,3.666666667
1309.12,3.666666667
1309.2,2.333333333
1310,2.5
1311,3.333333333
1312,3
1313,2.166666667
1314,3.428571429
1315,3.571428571
1316,2.833333333
1317,2.333333333
1318,2
1319,3
1320,3
1321,2.4
1322,2.6
1323,2
1324,2.8
1326,2
1327,2.8
1328,2
1329,3
1330,4
1331.1,3.5
1332.2,2.5
1333,3
1334,3.333333333
1335,4
1336,4
1337,3
1338,3
1339,3.333333333
1340.1,3.666666667
1340.2,3
1341,4
1342,3.666666667
1343,3
1344,3.333333333
1346,3
1347,2.666666667
1348.1,2.5
1350,2.2
1351,3.5
1352,3
1353,2.5
1354,2.333333333
1356,3
1357,3
1358,4
1359,2.5
1360.1,3.4
1360.2,2.333333333
1361,3
1362,3.25
1363,2.8
1364,4
1365,3
1366,2.666666667
1367.1,3
1367.2,2
1368,3
1369,4
1371,3
1373,3.5
1374,2.333333333
1375,3
1376,3
1378,3
1379,4
1380,3
1382,1.5
1383,3
1384,2.2
1385,2
1386,3.4
1387,3
1388,3
1389,2.2
1390,2.4
1391,4
1392,2.6
1393.1,2.4
1393.2,2
1393.3,4
1394.1,4
1394.2,2.6
1395,4
1397,3
1398,4
1399,3
1400,1.25
1401,4
1402,4
1405,1
1406,4
1407,2
1408.1,2
1408.2,2
1410,4
1411.1,4
1411.2,2.2
1413,4
1414.1,2
1414.2,2.4
1414.3,1.4
1415,2
1416,2.5
1417.1,2
1417.2,4
1418,2
1419,3
1420,3
1421,3
1422,3.5
1423.1,2
1423.2,3.666666667
1424,2.8
1425,2.6
1426,3.666666667
1427.1,2.333333333
1427.2,2
1428.1,2
1428.2,2
1429,3.5
1430,3.5
1431,2.5
1433,3.2
1435,3.5
1436,3.5
1437,2
1439,2
1441,3
1442,3.75
1444,4
1446,3
1447,2.4
1448,3.166666667
1449,2.166666667
1450.1,2.4
1450.2,4
1451,3.666666667
1452,4
1453.1,4
1453.2,2.666666667
1454,2
1455.2,2
1455.3,4
1456,2.4
1458,2
1459,2.333333333
1460,3
1462,3.5
1463,3.333333333
1464,3.166666667
1465,2
1467.1,2.333333333
1467.2,2.333333333
1468,3.333333333
1469,2
1470,2.666666667
1471,2
1472,2.666666667
1473,2.166666667
1474,4
1475,3.4
1476,3.8
1477,3.166666667
1479,2
1481,3
1483,2.6
1486,3
1487,3
1488,4
1489,3.5
1490,3.4
1491,3
1492,3.4
1493,4
1495.1,1
1495.2,2
1495.3,2
1496,3
1497,3
1498,3
1500,4
1502,2.666666667
1505,3.285714286
1506,2.8
1507,3
1510,4
1511,4
1514,2.5
1515,2.833333333
1516,2.4
1519.1,3.166666667
1519.2,2.833333333
1520,2
1521.2,2.5
1522.1,2
1522.2,2.5
1523,3.5
1524,2.666666667
1525.1,2.5
1525.2,3
1526,2.833333333
1527,2
1528,2.166666667
1529,2
1530,2.5
1531,2.833333333
1532,2.166666667
1533,3
1534,2.666666667
1535,2.2
1536,2.166666667
1537,2.6
1538,2.166666667
1540,2.333333333
1541,3.5
1542,3
1543,2.5
1546,3
1547,2.2
1548,3
1549.1,1.4
1549.2,2.333333333
1550,3
1551,2.6
1552,3
1553,2.5
1556,3.5
1557,2
1558,2.666666667
1559,2.666666667
1561,3.285714286
1563,3
1564,1.6
1565,2.5
1566,2.333333333
1568,2.333333333
1571,1.5
1573,2.833333333
1575,4
1576,3.666666667
1577.1,1.75
1577.2,2.4
1578,2
1579,2.5
1580,3.666666667
1582,1.833333333
1583,2.833333333
1584,2.666666667
1585,2.333333333
1586.1,1.666666667
1586.2,1.4
1587,3.666666667
1588,2.833333333
1589,3.333333333
1590,2.833333333
1591,2.5
1595,2.666666667
1596,3.333333333
1600.1,2
1600.21,3.166666667
1600.22,3
1603,2.5
1604,2.166666667
1605,1.4
1606,3
1608,3
1609,3
1610,1.666666667
1611,3.5
1612,2
1613,3
1614,2
1615,3
1616,2.5
1617,2.25
1619,2
1620,2
1621,2.5
1622,4
1623,4
1624,2
1625.1,1.833333333
1625.2,3.333333333
1625.3,3.333333333
1626,1.6
1627,3
1628,2.666666667
1630,2.5
1632,3
1633,4
1634,2
1635,2.2
1636,2.333333333
1637,1
1638.1,3
1638.2,2
1639,3
1640.1,2.4
1640.2,2.6
1641,3.2
1642,1.5
1643,2.5
1644.1,2
1644.2,2.4
1645,4
1646,4
1649,2.333333333
1650,2.2
1651,4
1652,2
1654,3
1655,2.2
1657.1,2.2
1657.2,2.333333333
1658,4
1659,4
1660,3
1661,2.5
1662,2
1663,4
1665,3.75
1666,2.666666667
1668.1,2.2
1668.2,3
1669,3.2
1670,3
1671,3.5
1672,3
1673,4
1674,3.142857143
1675,1.8
1677,4
1678,4
1679.2,4
1680,3
1683,2
1684,3
1685,2
1686,2
1687,3.75
1689,2
1691,2
1693,3.8
1694,3
1695,4
1696,3.571428571
1697,3.8
1699,4
1700,2.833333333
1701,2
1702,2.5
1703,2
1704,3
1705,2.75
1706,4
1707,4
1708.1,3.25
1708.2,2
1709,4
1710,3
1711,3.333333333
1713,2
1714,2.8
1717,2
1719,2
1720,3.166666667
1721,3
1722,3
1723,4
1724.1,2
1724.2,2
1724.3,2
1725,2
1726,2
1727,4
1729.1,2.5
1729.2,3
1730,2
1731,1.8
1732,1
1733,4
1735,4
1736,2.5
1737,2
1738,4
1739.1,2.75
1741,3
1742,4
1743.1,1
1743.2,1
1745,3.333333333
1749.1,3.4
1750,3
1751,4
1752,3
1754,4
1755,3
1756,3.333333333
1757,4
1759,4
1760,2.6
1761,2
1762,1.6
1764,3
1765,1.833333333
1766,2.75
1767,3.5
1770,2.5
1771,2.5
1773,1.4
1774,3.5
1775.12,1
1775.2,1.5
1775.3,4
1777,3.666666667
1778,3
1781,1.333333333
1782,2.2
1783,4
1784,4
1786,2.166666667
1788,2.5
1789,3
1790,3.5
1791.1,2.6
1791.2,2.833333333
1791.3,2.666666667
1793,3.5
1795,4
1796,2.833333333
1797.2,3
1798,4
1800,2.2
1801,4
1803.1,1
1803.2,1
1804,4
1805,1.333333333
1806,1
1808.1,3.5
1808.2,1.5
1809,2.5
1810,1.833333333
1811.1,1
1812,1.166666667
1814,2.833333333
1815,1.4
1816,3
1817,1.166666667
1818,1
1820,2.5
1821,2.333333333
1822,3.8
1823,1.666666667
1824,3.333333333
1825,1.8
1826,1.666666667
1828,2
1829,2.833333333
1830,3.666666667
1832.1,1
1832.2,2.666666667
1834,4
1835,2.5
1836,3
1838,2
1839,2.333333333
1840,4
1841,3.333333333
1842,3
1843.11,2.8
1843.12,4
1843.2,3.5
1844,4
1845,2.2
1846,2
1847,3.4
1848,1.166666667
1849,2.5
1850,2.285714286
1851,3
1853,1.833333333
1854,2
1855,3.166666667
1856.1,1
1856.2,1
1857,1.333333333
1858,2.8
1859,4
1860,3.666666667
1861.1,3
1861.2,4
1863,4
1864,2.666666667
1865.1,3.5
1865.2,1
1866,1.8
1867,2.666666667
1868,1.6
1869,1.8
1870,4
1871,1
1872,2
1873,1.4
1874,2.333333333
1875,2
1876.1,1.5
1876.2,1.2
1877,3.666666667
1878,4
1879.1,2.833333333
1879.2,2
1880,3
1881,4
1882,1
1883,1
1884,2
1885,4
1886,4
1887,4
1888,1.5
1889,1
1891,1
1892,1
1893,1
1894,4
1895,1
1896,4
1897,2
1898,2.166666667
1899,2.666666667
1900,4
1901,2
1902,2.4
1903,1.5
1905,2.833333333
1906,4
1907,2.166666667
1908,2.833333333
1910,4
1914,4
1915,2.666666667
1916,2.833333333
1917,2.666666667
1919,2.166666667
1921,2.285714286
1922,4
1923,2.2
1924,2.666666667
1926,3.4
1927,2.833333333
1928,3
1929,4
1930,3.5
1931,2.333333333
1932,4
1933,2.285714286
1934,2.857142857
1935,2.5
1936,2.833333333
1937,3.166666667
1938,3.166666667
1939,4
1940.1,2.8
1940.2,2.6
1941,3.333333333
1942,1
1943,3.5
1944,3.5
1945,3.166666667
1946,2
1947,4
1948,3
1949,3.333333333
1950,3.166666667
1951,1.833333333
1952,2.714285714
1953,4
1954,3
1957,3
1958,3.285714286
1959,3
1960,3.285714286
1962,3.4
1963.1,4
1964,3.5
1965,2.833333333
1966,3.75
1967,2.333333333
1969,3.666666667
1970,4
1971,3
1973,2.666666667
1976,4
1977,3.5
1978,4
1979,4
1980,4
1982,3
1983,3.666666667
1989,3.5
1992.1,4
1992.2,4
1993,4
1995,3.5
1997,4
1998,4
2000,4
2001,3
2002,3
2003,2.6
2004.1,3.5
2004.2,4
2006,2.75
2007,3.5
2010,3.5
2011,2.4
2012,3
2013,3
2014,3.75
2015,3.333333333
2017,4
2018,3
2019,3.5
2022,3.75
2023,3.5
2024,4
2025,3.75
2026,3.5
2027,4
2028,4
2029,1.25
2031,2.5
2032,4
2033,2.333333333
2035,2.5
2039,3.333333333
2041,4
2042,3.333333333
2043,4
2044,2.25
2045,4
2048,3.333333333
2049,4
2050,4
2051,4
2052,4
2053,3.333333333
2054,3.5
2056,4
2057,4
2058,3
2059,4
2060,4
2061,3.6
2062,2.666666667
2063,3.75
2066,4
2067,3.333333333
2068,3.2
2070,2.2
2071,3.4
2072,4
2073,3.833333333
2074,3.2
2075,3.5
2076,3.666666667
2077,3.2
2078,3
2080,3.333333333
2081.1,2.166666667
2081.2,2
2082,2.4
2085.1,2.8
2085.2,2.2
2086,2
2087,3
2088,2.333333333
2089,2.4
2090.1,3.75
2090.2,2
2091,3
2092,2
2093,2
2094,2.4
2095.1,4
2095.2,1.5
2096,3.166666667
2097.1,3
2097.2,2.2
2098,3.2
2099,3
2100,1.166666667
2101,3.2
2102,2.166666667
2103,2.75
2104,2
2105,3
2106,2.2
2107,4
2108,2.2
2109,3
2111,4
2113.1,4
2113.2,2
2114,3.2
2115,2.833333333
2116,4
2117,3.5
2118,3
2119,4
2120,3.5
2121,3
2122,2.6
2123.1,2.833333333
2123.2,3
2124,1.2
2126,2.8
2127,1
2128.1,2.2
2128.2,3
2129,2
2130,2
2131,2
2132,3.2
2133,2
2134,2.4
2135,2.75
2136,2
2137,3
2138,4
2139,2.5
2140.1,2
2140.2,3
2141,4
2142,4
2143,2
2144,2.75
2145,2.4
2146,2.2
2147,2
2149,2
2150,2
2151,2.8
2152,3
2153,2
2154,1
2155,4
2157,2.2
2158,1.666666667
2159,2
2160,2.666666667
2161,3
2162,3.6
2163,2.166666667
2164,2
2165,2
2166,2
2169,3
2170,4
2171,3.333333333
2172,4
2174.1,2.5
2174.2,4
2175,4
2176.11,2.4
2176.12,3
2176.2,2
2177,4
2178.1,3
2178.3,3
2179,3
2180,3.5
2181,4
2182,3.25
2183,2.5
2184,3
2185,3
2186,3.333333333
2187,3.166666667
2188,2.166666667
2191,2.5
2192,3
2193,3.833333333
2194,4
2195,3
2196,3
2197,3.166666667
2198,2.333333333
2200,3.2
2201,4
2202,3.6
2203,2.666666667
2204,2.8
2205,4
2206,2.333333333
2207,2
2208,2
2209,3
2210,2
2211,4
2212,4
2213,4
2214,2
2215,2
2216,4
2217,3.4
2218,2.6
2219,4
2220.1,1.285714286
2220.2,4
2221,3.5
2222,3.333333333
2223,3.4
2224,4
2225,3.4
2226,1.4
2227.1,4
2227.2,3.5
2227.3,4
2228,3
2230,2.5
2231.1,4
2231.2,3.2
2232,4
2233,3.333333333
2234,4
2235.1,4
2235.2,4
2236,3
2237,4
2239,3.333333333
2240,2.5
2241,2.166666667
2242,3
2243,2.8
2244,3.4
2245,2.5
2247,2.4
2249,3
2250,2.4
2251,3.2
2252,3.2
2253,1.6
2254,1.75
2255,2.5
2256,2
2258,2.5
2260.1,2.4
2260.2,4
2261,2.4
2264,4
2265,2.5
2266,4
2267,4
2268.1,4
2268.2,4
2269,4
2271,4
2272,3.666666667
2273,2.833333333
2274,2
2275,1.5
2276,4
2277,4
2278,4
2279,4
2280,3.333333333
2282,3
2283,3
2284,2.333333333
2286,2.666666667
2287.1,3
2287.2,2
2288,3.166666667
2289,2.666666667
2290,2.833333333
2291,2.333333333
2292,2
2293,3.428571429
2294,2.5
2295,2
2297.1,3.5
2297.2,3.25
2298,1.833333333
2299,2
2300,3.166666667
2301,1.5
2302,4
2304,1.2
2305,3.4
2306,4
2307,2
2308.1,2.666666667
2308.2,3
2309,3.6
2310,3.6
2311.2,2.6
2312,2.6
2313,4
2314,4
2315,3
2316,2.5
2318,2.833333333
2319,4
2320,3.5
2321,4
2322,2
2323,1.8
2324,3.333333333
2325,3.666666667
2327,3
2328,3.333333333
2329,2
2330,3.5
2331,3.5
2332,2
2333,3.333333333
2334,2.5
2336,3
2337,2
2338,3
2339.1,1
2339.2,4
2340,3.333333333
2341,2.833333333
2342,2
2343,3
2345,3
2347,3
2350,4
2351,2.5
2353,3
2356,3
2357,4
2359,3
2360,3.4
2361,4
2362,2
2363,4
2365,3
2366,3
2367,3
2368,2
2369,4
2370,3
2371,4
2372,3
2373,4
2374,4
2375,2.166666667
2376,4
2377,3
2378,3
2380,4
2381.1,4
2381.2,4
2381.3,2.2
2382.1,4
2382.2,4
2383,3.5
2384,2
2387,3.4
2388,3.857142857
2389,4
2390,4
2391,4
2392,2.666666667
2393,4
2394,4
2396,3.5
2397,4
2398,3.333333333
2400,4
2403.1,4
2403.2,3
2404.1,4
2404.2,3.4
2405,2
2406,4
2409,4
2410,1.75
2412,4
2413,3
2414,3
2416,4
2417.1,2.2
2417.2,1.5
2417.3,3
2419,3
2421,3
2423,2
2424,1.333333333
2425,3
2426,2
2427,3
2428,3
2429,3.4
2430,3
2432,2.4
2433,3
2435,4
2436,2.166666667
2437,1
2438,4
2440,2.166666667
2441,3
2442,2.8
2443,3
2444,1.6
2445,3
2446.1,4
2446.2,3
2448,4
2449,4
2450,3
2451,3
2452,2
2453,3
2454,4
2455,3
2456,4
2457,3
2458,2
2459,4
2460,3
2461,2
2463,4
2464,3.2
2465,4
2466,3.5
2467,3.5
2469,3
2470,3
2472,3
2473,3
2475,3
2476,3
2477,2.4
2478,2
2480,4
2481.1,4
2481.2,3
2481.3,3
2482,3
2483,1.5
2485,2.4
2486,3
2487,4
2489,3
2490,3
2491,2.428571429
2493,3
2494,3
2495,4
2496,3.4
2497,2.4
2498,2.8
2499,3
2500,4
2501,2.8
2502,3.833333333
2503,4
2504,3.4
2505,3.5
2507,4
2508,3
2509,3.6
2510,3.4
2511.1,4
2511.2,3
2512.1,3.833333333
2512.2,3.5
2513,4
2514,3.166666667
2515,3.5
2516,3.6
2517,3.333333333
2518,3
2519,3.5
2521,1.8
2522,3.666666667
2523,3
2524.1,2.833333333
2524.2,3
2525,3
2526,3
2527,2.666666667
2529,3
2530,2.666666667
2531,2.833333333
2532,3
2533,3.2
2534.1,2.5
2534.2,1.833333333
2535,1.8
2536,2.333333333
2537,3.166666667
2538,2
2539,2.6
2540,2
2541,4
2542,4
2543,4
2544,3.6
2546.1,4
2547,4
2548,3.25
2549,4
2550,4
2551.1,3
2552,3.333333333
2553,2.6
2554,3
2555,3
2556,3.833333333
2557,4
2558,3.666666667
2559,3.666666667
2560,4
2561,3.333333333
2563,2.833333333
2564.1,1.666666667
2564.2,2.5
2566,2.6
2567.1,3.333333333
2567.2,3
2568,3.2
2569,2.333333333
2570,3
2571,2.5
2572,1.6
2573,3
2574,2
2575,2.333333333
2576,3.666666667
2577,2.333333333
2578,2
2579,3
2582,1.4
2584,1.2
2585,2.333333333
2586,4
2587,2.333333333
2588,1.4
2589,1.5
2590,3.2
2591,1.6
2592,1.833333333
2593,3.25
2594,1.833333333
2595,3.4
2596,4
2597,1.333333333
2598,1.5
2599,1.2
2600,2
2601,2.5
2602,1.666666667
2603,4
2604,1.833333333
2605,2.166666667
2609,2
2610,2.166666667
2611,1.666666667
2612,3.333333333
2613,1.5
2614,1.333333333
2615,3
2616,2
2618,1.6
2619.1,1.333333333
2619.2,1.666666667
2620,2
2621,3
2622.1,4
2622.2,3
2623,2.333333333
2624,2.166666667
2625,1.8
2626.1,1.333333333
2627,4
2629.1,1.5
2629.2,2.25
2630,1.75
2631,1.6
2632,2.5
2633.1,1.5
2633.2,1.6
2634.1,1.833333333
2635,3.333333333
2636,3.5
2637,1.833333333
2638,3
2640,4
2643,3
2644,2
2646,3
2648,3
2649,2
2651,2.333333333
2652,3
2654,2
2655,1.4
2656,4
2657.1,3
2657.2,2
2660,2
2661,2
2662,2.4
2665,4
2666,3
2668,3
2669,3
2670,2
2671,2.4
2672,2
2674,4
2675,1.5
2679,3
2682,3.25
2683,4
2684,2.4
2689,2.333333333
2690,2
2691,4
2692,3
2695,3
2696,2.4
2697,3.6
2699,2.25
2700,2
2702,2
2704,2
2705,2.333333333
2707,3.25
2708,2.333333333
2709,1.833333333
2710,1.5
2715,1.8
2716,3
2717,3
2718,1.4
2721,2.333333333
2722,3.166666667
2723,2.666666667
2724,3.571428571
2725,2
2726,3.333333333
2728,2.8
2729,2.833333333
2730,2.666666667
2731,2.666666667
2732,2
2733,2.6
2735,2.8
2736,3
2737,1.8
2740,2.833333333
2741,2.833333333
2742,2.833333333
2743.1,1.8
2743.2,2.6
2743.3,1.4
2744,3
2745.1,1.4
2745.2,4
2745.3,2.5
2745.4,1.8
2746.1,2.666666667
2746.2,2.666666667
2747.1,1.2
2747.2,2.8
2748,3
2749,3.666666667
2750,2
2751,1.6
2752,3.25
2753,2.571428571
2755,2.833333333
2756.1,2
2756.2,2.833333333
2757,2.166666667
2758,3
2759,2
2762,4
2763,1.25
2764,4
2765,2.4
2766,2.833333333
2767,1.333333333
2769,4
2771,2.833333333
2772,2.2
2773,3.5
2774,2.6
2775,2
2776,3
2777,4
2778,3.666666667
2779,3.333333333
2780,2
2781,4
2783,3
2785.1,4
2786,3
2787,2.5
2788,3
2790,4
2791,4
2792,3
2793,3
2795,1.5
2796,2
2797,2.666666667
2800,4
2801,3.5
2802,2.2
2803,1.666666667
2804,3.5
2805,4
2806,4
2808,2.4
2809,4
2810,4
2811,4
2813,2.4
2814,4
2815,4
2816,4
2817,4
2818,3
2819,3
2820,4
2821,3
2822,3.666666667
2823,2
2825,4
2826,3.5
2827,3.142857143
2828,2
2829,1.166666667
2831,1
2832,2.6
2833,3.333333333
2835,4
2836,3.833333333
2837,2.333333333
2838,4
2839.2,4
2840,2.166666667
2841,2.833333333
2842,2
2844,3.833333333
2845,4
2846,3
2848,3.333333333
2850,3.666666667
2851,3.2
2852,4
2853,2.666666667
2854,2.333333333
2855,4
2856,3
2857,1.5
2858,1.5
2859.1,2.666666667
2859.2,2
2860,4
2862,4
2863,1.333333333
2864,3
2865,4
2866,3
2867,3
2868.1,2.8
2868.2,3
2869,3.2
2870,4
2871,1
2872,3
2873,3
2874,4
2875,3
2876,2
2877,2.4
2878.1,2.75
2878.2,3
2879,1
2880,3
2881.1,4
2881.2,3
2882,3
2883,4
2885.1,3
2885.2,1.5
2886,3
2887,3.5
2888,4
2889,3
2890,2.4
2893,2.25
2894,1.666666667
2896,2.25
2897,3
2898,2.333333333
2899,3
2900,3
2901,2.6
2903,4
2904,4
2905,3.666666667
2907,4
2908,4
2909,4
2910,4
2912,4
2913,4
2914,4
2915,4
2916,4
2917,4
2918.1,2.8
2918.2,3.333333333
2919,3.333333333
2920,4
2922,4
2923,4
2924,4
2925,3
2926,3.25
2927,4
2928,2.5
2929,4
2930,4
2931,4
2932,3.4
2933,4
2934,4
2935,2
2936,4
2938,4
2939,3.8
2940,4
2941,4
2942,4
2943,3.333333333
2944,3
2945,2.833333333
2946,2
2947,2.5
2948,2.5
2949.1,2.666666667
2949.2,1.5
2950,4
2951.1,3
2951.2,4
2952,2.666666667
2953.1,1.333333333
2953.2,3
2954,2.166666667
2955,1.166666667
2956,2
2957,2.833333333
2958,2.833333333
2959,3.333333333
2960,2.5
2961.1,3
2961.2,3.5
2962,3.333333333
2963,3.5
2964,3.5
2965,4
2966,3
2967,3.4
2968,3.166666667
2969,3
2971,4
2972,1.666666667
2973,2
2974,3.166666667
2975,3
2976,3
2977,3.166666667
2978,2.666666667
2979,3.166666667
2980,4
2981,4
2982,4
2983.11,1.166666667
2983.2,4
2984.1,4
2984.2,3.5
2985,4
2986,3
2988,1.75
2989,3
2991,3.333333333
2992.1,3.142857143
2992.2,3.571428571
2993,3
2994,3.571428571
2995,2.857142857
2996,4
2997,4
2999,3.5
3001,2.833333333
3002.1,4
3002.2,3.333333333
3003,4
3004,2.666666667
3005,3.166666667
3006,3.333333333
3007.1,2.833333333
3007.2,3
3008,3.5
3009,4
3010,3.333333333
3011,3.166666667
3012,2.333333333
3013,3
3014.1,3.285714286
3014.2,2.333333333
3015,3.25
3016,1
3017,1.833333333
3019,4
3020,3.75
3021,4
3022,4
3023,3
3024,3.333333333
3025,3.166666667
3026.1,3.166666667
3026.2,3.5
3027,2.833333333
3028.1,3
3028.2,1.6
3028.3,2.4
3029.1,4
3029.2,2
3030,3.166666667
3031,2.333333333
3032,2.142857143
3033,2.5
3034,3
3035.1,2.8
3035.2,3
3036,2.166666667
3037,2
3038,3
3039,3.5
3040,3
3041,2.666666667
3042,3.5
3043,3
3044,3
3045,4
3046,3.142857143
3047,3.333333333
3048,4
3049,4
3050,2.833333333
3052,3
3054,4
3055,2
3056,3
3057,3.166666667
3058,3.5
3059,2.428571429
3062.1,3
3062.2,2.4
3063,2.333333333
3065,3
3066,3.333333333
3067,3
3068,2.666666667
3069,2.666666667
3070,2.833333333
3071.1,4
3071.2,3.833333333
3072,3
3073,4
3074,2.833333333
3075,3
3076,2.833333333
3077,2.833333333
3078.1,3
3078.2,3
3079,3
3080,3
3081,4
3082.1,2.571428571
3082.2,3
3083,3.142857143
3084,3
3085,4
3086,1
3087,3
3088,3
3089,4
3090,4
3091,4
3092,4
3093,3.333333333
3094,3.142857143
3096,3.857142857
3097,3
3098,3
3099,3
3100,3
3101,3.333333333
3103,2.333333333
3105.1,3.5
3105.2,3.4
3107,3.333333333
3108,1.166666667
3110,2.833333333
3111,2
3114,2.166666667
3115,2.333333333
3116,3.5
3117,3
3118.11,2
3118.12,1.833333333
3118.2,2.5
3118.3,1.8
3119,4
3120,2.833333333
3121,2.2
3122,2.2
3123,4
3124,4
3125.1,2.5
3126,1.833333333
3128,3.8
3129,3.8
3130.1,2.666666667
3130.2,3
3132,3
3133,4
3134,3.333333333
3135,2.666666667
3136,2.5
3137,1.166666667
3138,2.333333333
3139,2.5
3140,2.4
3141,3.75
3142,3
3143,3
3144,2.8
3145,2.8
3146,4
3147,4
3148,3.75
3150,3.2
3151,2.333333333
3152,3.2
3154,4
3155,2.2
3156,2.2
3157,4
3158,2
3159,2.25
3160,3.25
3161,3
3162,2
3163,3
3164,3
3167.1,4
3167.2,4
3168,3
3169,2.5
3170,2
3171.1,2.8
3171.2,2
3172,3
3173.1,4
3173.2,2.5
3175,4
3176,2
3177,2
3178,4
3180,2.333333333
3181,3
3182,3
3183,4
3185,2.8
3186,4
3187,2.333333333
3188,4
3189,2.333333333
3190,3
3193,2
3194,4
3195,3
3197,1.75
3198,3
3199,2
3200,2.2
3201,4
3202,4
3203,4
3204,3
3205,4
3206,4
3208,4
3209,3.5
3210,2.666666667
3211.1,3.75
3212,4
3213,2.666666667
3214,3
3215,3.833333333
3216.1,3.5
3217,4
3218,2.833333333
3219,3.4
3220,2.166666667
3221,3.166666667
3222,1.8
3223,1.666666667
3224,2
3226,3
3228,4
3229,1.666666667
3231,2.5
3232,2.5
3233,1.666666667
3234,1.8
3235.1,2.5
3235.2,1.833333333
3237,1.6
3238,3
3239,3.4
3240,2.5
3241,1.8
3243,3
3244.1,3
3244.2,1.6
3245,2.5
3246,4
3248,1.666666667
3249,1.666666667
3250,1.5
3251,2.5
3252,3.4
3254,1.75
3255,1.666666667
3257,2.8
3258,2
3259,1.5
3260,3
3261,3
3262,2.333333333
3264,3.4
3265,3
3266,4
3267,3.166666667
3268,2.5
3269,3.166666667
3271,4
3273,4
3275,3
3276,1.8
3277,2.833333333
3279,3.333333333
3281,2.6
3283,1.8
3284,2.8
3285,3
3286.1,3
3286.2,3
3287,3
3288,3.5
3289,2
3290,3
3291,3
3292,3.833333333
3293,3.666666667
3294,2.166666667
3296,2.166666667
3297,3
3299,2
3300,3.666666667
3302,3.333333333
3303,3.166666667
3304,3
3306,2
3307,3
3308.1,3
3308.2,2.25
3309,2
3310,2.5
3313,2
3314,2.166666667
3316,2.666666667
3317,3.4
3318,1
3319,4
3321,1.833333333
3322.1,2.5
3322.2,1.6
3324,1.666666667
3325,2.833333333
3326,1.833333333
3327,1.833333333
3328,1.8
3329,1.5
3330,4
3331,2
3332,3.25
3333,1.833333333
3334,1.666666667
3335,1.8
3337,3.4
3338,1.666666667
3340,4
3341,3.4
3342.1,3.2
3343,3.5
3345,3.4
3347,4
3348,3.4
3349.1,3
3349.2,4
3350,3
3351,3
3352,4
3353,3.5
3354,2
3355,3
3357,3.333333333
3358,3.2
3359,2.8
3360,4
3361,4
3362,2
3363,2.333333333
3365,2
3366,2
3367,1.8
3368,4
3369,1.833333333
3370,3
3371,1.666666667
3372,1.4
3374,1.4
3375,4
3376,3
3377,1.75
3378,1.5
3379,1.5
3380,2.666666667
3381,3
3384,2.5
3385,2.5
3386,3.333333333
3388,1.2
3391,3
3393,3
3394,3
3398.1,1.666666667
3398.2,1.666666667
3399,1.5
3400,1.5
3401,3
3402.1,3
3402.2,2.666666667
3403,3
3404,2
3406,3
3407,1
3408,2.666666667
3412,2.75
3413,2
3414,2.4
3415,1.5
3416,1.25
3417,3.25
3418,1.333333333
3420,2.8
3421,2
3423,2.4
3424,2.333333333
3426,3
3427,3
3429,3.6
3430,4
3431,3.6
3432,3
3433,2
3434,2.166666667
3435,3
3436,3
3437,3
3438,3
3440,3
3442,4
3443,4
3444,4
3445,2.4
3446,2.166666667
3447,1.833333333
3448,4
3449,3.5
3450,3
3451,3
3452,3.5
3453,3
3454,3.2
3456,2.666666667
3457,4
3458,3
3461,4
3462,3.333333333
3463,3
3464,3.4
3465,3.4
3466,1
3468,3.2
3470,3.2
3471,2.333333333
3472,3
3473,4
3474.1,3.4
3474.2,3.333333333
3475,3
3476,4
3478,3.166666667
3480,3.4
3481,3.333333333
3482.1,3.5
3482.2,3.333333333
3483,3.142857143
3485,3.4
3486,3.2
3488,4
3489,3.333333333
3490,3.5
3491,3.5
3492,3.5
3493,3.2
3494,3
3495,3.2
3496,2.4
3497,2.6
3498,3
3501,3.666666667
3502,4
3503,3
3504,3.333333333
3505,3.4
3506.1,4
3506.2,3.25
3507.1,3.5
3507.2,3
3508,3.5
3510,4
3511,3.25
3512,2.6
3513.1,2.5
3513.2,3
3514,4
3515,3.8
3516,2.666666667
3517.1,4
3517.2,2
3517.3,3.5
3518,3.333333333
3519,4
3520,4
3521,2.2
3522,3.166666667
3523,2.833333333
3527,3
3528,3
3529,3.4
3530,3.333333333
3531,3
3532.1,3.4
3532.2,3.4
3533.1,3.2
3533.2,2.333333333
3534,3.2
3535,3
3536.1,3.5
3536.2,3.166666667
3537,3.5
3538,3.166666667
3539,2.666666667
3540,2.833333333
3541,3.4
3542,4
3543,3
3544,3.5
3545,3.166666667
3546,2.333333333
3547,3
3548,3.333333333
3549,3.5
3550,3.2
3551,2.833333333
3552,2.4
3553,2.857142857
3554,3.5
3555,4
3556,3.333333333
3557,4
3558,4
3559,2.5
3560.1,2.6
3560.2,3.5
3561,3
3565,4
3566,2.5
3567,2.166666667
3568,4
3569,3
3570,3
3571,4
3572,3
3573,4
3574,4
3576,3.25
3578,3
3579,3
3580,4
3581,4
3583,1.5
3585,3.333333333
3586,3.333333333
3587,2.4
3588.2,1
3590,3.166666667
3591,4
3592,3.666666667
3594,2.333333333
3595,3
3596,3.333333333
3598,2
3599,1
3600,3.2
3601,4
3602,3
3603,4
3604,3
3606,3
3608,4
3609.1,4
3609.2,1.5
3610,3
3611,4
3612,4
3613.1,4
3613.2,2
3614,3.428571429
3615,3
3616,4
3618,2.75
3619,3
3620.1,3.333333333
3621,1
3622,4
3623.1,4
3623.2,2.4
3624,2.25
3625.1,1
3625.2,2.4
3626,2.8
3627,2.4
3629,2
3630,4
3631.1,3
3632.1,3
3634,3
3635,4
3636,3
3637,3
3638,3
3639,4
3640,3.2
3641,2.571428571
3642,4
3643,1.8
3644,1.5
3646,3
3647.1,3
3647.2,3.166666667
3648.1,2
3648.2,4
3648.3,4
3649,2
3650,4
3651,4
3652,4
3654,4
3655,2.333333333
3656,4
3657,3.5
3659,4
3661,4
3662,3.25
3663,4
3664,4
3665,3
3666,2.666666667
3667,2.666666667
3668,3
3669,3.666666667
3670,3.333333333
3671,3.166666667
3672,3
3674,3
3675,3
3676,3.166666667
3677,2.4
3678,3
3679,2
3681,4
3682,3
3683,4
3684,3
3686,3
3688,4
3689,3.333333333
3690,3.166666667
3691,2.6
3692,3.5
3693,2.666666667
3695,2.5
3697,2.8
3698,2.833333333
3699,3.6
3700,2.666666667
3701,4
3702,4
3705,4
3706,3.5
3707,4
3708,4
3709,3.5
3710,3
3711,3
3712,2.5
3713,3.333333333
3714,3.6
3715,2
3717,2.5
3719,3
3720,3
3721,4
3723,3
3724,3
3725,4
3726,4
3728,3
3729,3
3731,4
3732,4
3734,3
3735,3
3736,3.5
3737,4
3738,4
3739,4
3740,4
3741,2
3742,2.666666667
3743,2.5
3744,2.166666667
3745,2
3746,2.333333333
3747,2
3749.1,4
3749.2,3.2
3750,4
3751,4
3752,4
3753,4
3754,3.6
3756,4
3757,3
3759,3
3760,3
3761,2
3762,2.333333333
3763,4
3765.1,4
3765.2,4
3766,4
3767,3.5
3770,3.333333333
3771,2.857142857
3772,2.8
3773,3
3774,2.2
3776,3
3777,3
3778,2.666666667
3779,3.333333333
3780,2.333333333
3781.1,2.8
3781.2,4
3782,2.5
3783,3.4
3784.1,3.6
3784.2,3.4
3784.3,2.25
3784.4,2.5
3785,3
3786.11,4
3786.12,3.4
3786.2,2.857142857
3787,2
3788,2.25
3789.1,3
3789.2,3
3790,3
3792,3
3794,2.4
3796,2.25
3797,1.5
3798,2.4
3799,2
3801,2
3802,4
3803,2.8
3804.11,4
3804.12,3
3804.2,2
3805,2
3806,3.25
3807,4
3808,4
3809,2
3810,2.4
3811.1,1.6
3811.2,4
3813,2.25
3814,2.666666667
3815,2
3816.1,3
3817,3
3818,4
3819,3
3820.1,2
3820.2,3
3821,2.8
3823,2.2
3824,4
3825,3.25
3827,3.2
3828,3.2
3829.1,2.4
3830,2.6
3831,3.333333333
3833.1,2.8
3833.2,4
3834,2.5
3835,2
3836,4
3837,3.25
3838,2.4
3839,2.75
3840,4
3841,2.166666667
3842,2.6
3843,2.8
3844,4
3845,2
3846,2.8
3847,3.4
3848,4
3849,2
3850,2.25
3851,2.25
3852,4
3853,1.75
3854,2.666666667
3855,4
3856,3.4
3857,3.666666667
3858,3.166666667
3859.1,2
3859.2,2
3861,3.25
3862,2.666666667
3863,3.666666667
3864,4
3865.1,2.4
3865.2,4
3865.3,3
3866,4
3867,2
3868,4
3869,4
3870,3.5
3871,4
3872,4
3873,3.333333333
3874,2.666666667
3875,3
3876,3.333333333
3877,3.5
3878,3.333333333
3879,3.5
3880,3.166666667
3881,4
3882,4
3883,2.2
3884,4
3885,4
3886,4
3891.1,2.5
3891.2,2.833333333
3892,4
3893,2
3894,1.333333333
3895,4
3896,4
3897,4
3898,4
3899,3.5
3900,3.5
3901,4
3902,4
3903,1.833333333
3904,4
3905,4
3908.1,3.666666667
3908.2,4
3910,4
3911,4
3912,3.833333333
3913,4
3914,3.833333333
3915,1
3916,3.833333333
3917,4
3918,4
3919,4
3920,4
3921,4
3922,4
3923,3.5
3924,4
3925,1.833333333
3927,4
3928,4
3929,4
3930,3.5
3934,3.833333333
3935.1,4
3935.2,3.166666667
3936,4
3938,4
3940,4
3942,4
3943,3
3944,4
3945,4
3946,4
3947,2.8
3948.1,4
3948.2,4
3949,4
3951,3.8
3952.1,4
3952.2,4
3953,3.333333333
3954.1,3
3954.2,3.25
3955,4
3956,4
3957,4
3958,4
3959,4
3960,4
3961,4
3962,4
3963,3.833333333
3964,3
3965,3
3967.1,4
3967.2,2.666666667
3967.3,3.857142857
3968,4
3969,4
3971,2.5
3972,4
3973,4
3974,3.8
3975,4
3977.2,3.75
3978,3.571428571
3980,3.666666667
3981,4
3983,3.5
3984,3.833333333
3985.1,1
3985.2,3
3986,4
3987,1.833333333
3988,4
3990,3.833333333
3991,3.666666667
3992,4
3993,4
3994,3.833333333
3995,3.833333333
3996,3.8
3997,3.833333333
3998.1,4
3998.2,3.8
4000.1,3
4000.2,4
4001,2.8
4002,4
4003,2.6
4004,2
4005,3.166666667
4007,4
4008,3
4009,2
4010,3.5
4012,3
4013,3.5
4014,4
4015,4
4016,1.75
4017.1,3.6
4017.2,3.75
4018,2
4019,2.75
4020,2.75
4021,4
4024,4
4025.1,2
4025.2,2
4026,1.4
4027,2.4
4028,3
4029,2
4030,4
4031,3.5
4032,2
4033,2.75
4034,3.4
4035,2
4037.1,4
4037.2,1.75
4038,3
4039,2.2
4040,4
4041,2.2
4042,3
4043.2,4
4044,3.25
4045,2.4
4046.1,4
4046.2,3
4047,2.4
4048,2.666666667
4049,2
4050,4
4051,2
4052.1,3.75
4052.2,3
4052.3,1.5
4053,3.2
4054,2
4055,3.5
4056,3.4
4057,3.2
4058,3.2
4059,3.2
4060.1,3
4060.2,2.8
4063,4
4064,2.5
4065,4
4066,3
4068,4
4069,4
4071,4
4072,2.5
4076,3.333333333
4077,2.666666667
4078,3
4079,2
4081,3
4082,3
4083,4
4084,3.4
4088,4
4090,4
4091,2
4093,3.4
4094,3
4096,2
4098,2.25
4101,1.2
4103,3
4105,3
4106,4
4107,2.4
4109,3
4110,4
4111,2.75
4112,3
4114,3
4115,2.4
4116.1,2.4
4116.2,2.2
4117,1
4118,3
4120,3
4121,4
4123,4
4124,2.666666667
4125.1,4
4125.2,3
4126.1,4
4126.2,2.5
4128,2.4
4129,4
4130,4
4131,4
4132,4
4135,4
4136,3
4138,3
4139,3
4141,4
4142,2.333333333
4143,1.666666667
4145,3
4146,3.25
4147,2.6
4148,4
4150,1.666666667
4151,3.25
4152,4
4153,2
4154,2
4155,1.833333333
4156,3
4157,3.25
4158,3
4159,1.4
4160,2
4161,4
4163,4
4164.1,4
4164.2,4
4165,2.8
4166,3.333333333
4167,3
4168,3
4169,3.2
4171,3.166666667
4172,4
4173,4
4174,3.5
4176,3.333333333
4177,3.666666667
4178.1,4
4179,3.333333333
4180,3.4
4181,3
4182,3.5
4183,2
4184,2.8
4185.1,2.25
4185.2,2
4185.3,4
4186,2.333333333
4187,4
4189,2.333333333
4190,2.6
4191,4
4192,2.8
4193,2.5
4194,3.4
4195,2.4
4196.11,2.8
4196.12,4
4196.2,3
4197,3
4198,2.2
4199,2.25
4200,2.5
4201.1,3.5
4201.2,4
4202,3.2
4203,2.333333333
4204,2.5
4205,4
4206,1.75
4207.1,3.5
4207.2,3.4
4208,4
4209,4
4210,4
4211,4
4212,2.333333333
4213,3
4214,2.333333333
4215,3.5
4216,3.5
4217,4
4218,3
4219,3
4220,3.333333333
4221,3
4222,2.833333333
4223,2.833333333
4224,3.333333333
4225.1,4
4226,3.333333333
4228,2.333333333
4229,3.333333333
4230,4
4231,3.8
4232.1,4
4232.2,3.666666667
4233,4
4234,3.333333333
4235,3.666666667
4236,4
4237,4
4238,4
4239,3.666666667
4240,3.2
4241,2.333333333
4242,3.166666667
4245,2.5
4246,3.142857143
4247,3.25
4248,2.5
4249,3.5
4250,3.25
4251,2.428571429
4252,3.666666667
4253,4
4254,3.285714286
4255,3.285714286
4256.1,3.333333333
4257,1.5
4258,2.833333333
4259,2.857142857
4260,3.5
4261,3
4262,2.333333333
4263.1,3
4263.2,2
4264,3
4265,4
4266,4
4267.1,4
4267.2,4
4268,2
4270,2
4271,3.6
4272,4
4275,3.8
4277,3
4279,3.2
4281,3
4282,3
4283,4
4284,1
4285,2.666666667
4286,3.5
4287,3
4288,2.5
4289.1,3
4289.2,4
4291,3.2
4292,4
4293,3.2
4294,4
4295,2
4296,3
4297.1,2.142857143
4297.2,1.714285714
4298,4
4299,2.142857143
4300,4
4301,2
4303,4
4304,3.6
4305,4
4306,4
4307,1
4308,1.166666667
4309,2.6
4310,3
4311,1.666666667
4312,3.4
4313,4
4314,2.5
4318,2
4319.2,2.5
4320,4
4321,4
4322,4
4324,2.25
4327,3.5
4330,3.2
4332,2.4
4333,4
4334,4
4335,2.75
4336,1
4337,3.333333333
4338,2
4339,4
4340,2
4341,4
4342,3
4344,3
4345,3
4346,4
4347,2.75
4349,4
4350,1.5
4351,2.8
4352,2.5
4353,1.5
4354,2.4
4355,4
4356,4
4357,3
4358,3
4359,2.5
4361,3.2
4362,3.5
4363,3
4364,2.5
4366,3.5
4368,3.5
4369,4
4372,4
4374,3
4375,4
4377.1,3.666666667
4378,3
4380,4
4381,2.666666667
4382,4
4383,3.833333333
4384,3.166666667
4385,4
4386,4
4387,4
4388,4
4389,3.5
4390,4
4391,4
4392,2.2
4393,3.833333333
4394.1,3
4394.2,4
4395,2.333333333
4396,4
4397,3.833333333
4398,3.2
4399,3.333333333
4400,4
4401,2.5
4402,3.142857143
4403,3
4404,4
4405,2.666666667
4406,3.166666667
4407.1,4
4407.2,4
4408,3.333333333
4409,4
4410,3.166666667
4411,4
4412,3.833333333
4414,3
4415,2
4416,4
4417,3.333333333
4418,3
4419,2.5
4420,3.166666667
4421.1,3.5
4421.2,3
4422,3.5
4423,3.166666667
4424,4
4425,4
4426,2.166666667
4427,3.166666667
4428,4
4429,4
4430,3.6
4431,3.666666667
4432,4
4433,4
4434,2.666666667
4435,4
4436,3.166666667
4437,3.5
4439,4
4441,3
4443,4
4445,2.666666667
4446,2
4447.1,2.5
4447.2,3.142857143
4448,3
4449,3.5
4451,4
4455,2.666666667
4456,3.166666667
4457,4
4458,3
4459,2.833333333
4460,3
4461,3
4462,3
4463,3
4464,3
4465,3.333333333
4466,4
4468,3
4469,3.5
4470,3.166666667
4471,3
4472.1,3.166666667
4472.2,2.833333333
4473,3
4474,3.333333333
4475,3.4
4476,3
4477,4
4479.1,4
4479.2,3.333333333
4480,4
4483,4
4485,4
4486,3.833333333
4487,2.25
4488,3.666666667
4489,3.666666667
4490,3
4493.1,4
4493.2,4
4494,2.6
4495.1,3.5
4495.2,3.5
4497.1,4
4497.2,2.5
4498,4
4499,4
4500,4
4501,2.4
4502,2.833333333
4504,3.2
4505,3.8
4506,3.5
4507,1.8
4508,2.833333333
4509.1,4
4509.21,3
4509.22,3.6
4510,4
4511.1,4
4511.2,2.8
4512,3.6
4513,2.8
4514.1,2.5
4514.2,3.75
4515.1,3
4515.2,4
4516,4
4518,3.6
4519,3.4
4520,2
4521,3.5
4522,3
4523,2
4524,3.8
4525,3.166666667
4526,3.6
4527,2.6
4529,3
4530,3.6
4531,1.5
4532,3.6
4533,2.5
4534,2.666666667
4535,4
4536,3.5
4537,3.5
4538,2.5
4539,2.666666667
4540,3.6
4541,3.666666667
4542,4
4543,3.4
4544,2.2
4545,4
4546.1,3.6
4546.2,4
4547,3.166666667
4548,3
4549,2.333333333
4550,2.6
4551,3
4555,2.333333333
4556,2.666666667
4557,2.5
4558,2
4559,3.6
4560,3
4561,4
4562,4
4563.1,4
4563.2,2
4564,3.4
4565,4
4566,3
4568,2.833333333
4569,3.4
4570,2.4
4571,2.8
4572.1,1.75
4572.2,4
4573,4
4574,2
4575,2.4
4576,4
4577,2.333333333
4578,2.8
4579,2
4580,2
4581,3.2
4582,2.4
4583,3.6
4584,3.333333333
4585,2
4587,2.6
4588,3.4
4589,1.8
4590,2
4591,2.6
4592,4
4593,2.5
4594,2.2
4595.1,4
4595.2,4
4596,3.6
4597,2
4598,4
4599,4
4600,3.6
4601.1,4
4601.2,2.8
4602,2.5
4603,4
4604,3.333333333
4606,2.833333333
4608,3
4609.1,4
4609.2,4
4610,4
4611,3.5
4612,3.666666667
4613,3
4615,3.333333333
4616,2.4
4617,3.833333333
4620,4
4621,1.4
4623,2.2
4624,4
4625.1,4
4625.2,3.333333333
4626,2.666666667
4627,3.2
4628,2.5
4631,2.833333333
4632.2,3
4635,3
4636,4
4637,4
4641,4
4642,3.333333333
4643,4
4644,3.6
4646,3.166666667
4648,3.2
4649,4
4650,4
4651,3.4
4652,3.6
4653,4
4654,3.333333333
4656,3.666666667
4657,4
4658,4
4659,4
4660,4
4661,3.8
4662,1.8
4663.2,3
4665,3
4667.1,1.5
4667.2,2.5
4668,3.75
4669,3.2
4671,2.25
4672,2
4673,4
4675,3.4
4676,3
4677,4
4678,3
4679,3.25
4680,3.4
4681,4
4683,2
4685,3
4686,4
4687,2.5
4688,2
4689,2.8
4690,3.5
4691,2.5
4692,1
4693,2
4694.1,3.5
4694.2,3.666666667
4695,2
4696,2.4
4697,2.5
4699,3
4700,2
4701,2
4702,2.5
4703,3.166666667
4704,3
4705,1.4
4706,1.714285714
4707,3.8
4708.1,3.6
4709,1
4710,3.5
4711,2.333333333
4712,2.5
4713,2
4714,2.5
4715,3
4716,2
4717,1
4718,2.2
4719,3
4720,3
4723,3.666666667
4726,3.333333333
4727,4
4728,3.833333333
4729,3.2
4730,3.5
4732,4
4733,3
4734,3.833333333
4735,3
4736,3
4737,3.6
4739,4
4740.1,3
4741,1.8
4742,2.8
4743,2.2
4745,2.2
4746,2
4747,3
4748,2
4749,2
4750,3
4751,2.5
4752,2
4753,3.5
4754,4
4755,2
4756,2.2
4757,2
4758,3
4759,2
4761.1,2.5
4761.2,3.5
4762,4
4764,4
4765,2.428571429
4767,3.5
4768,4
4769,3.166666667
4770,4
4771.11,4
4771.12,3.5
4771.13,3.5
4771.2,2.333333333
4772,4
4773,2.166666667
4774,4
4775,4
4776,3.5
4777,4
4778,3.666666667
4779,3.75
4780,3.4
4781,3
4782.1,4
4782.2,4
4783,4
4784,3
4785,4
4787,3.2
4788.1,3
4788.2,3.5
4788.3,4
4789,4
4790.1,3.4
4790.2,3.833333333
4791,3.6
4792,3.6
4793,4
4794,3
4795,4
4796,4
4797,4
4798,3.4
4799,3.2
4800,3.6
4801,3.166666667
4802,3
4803,2.5
4804,2.666666667
4805,3
4806,3
4807,3.5
4808,2.333333333
4809,2.6
4810,2.666666667
4811,2.5
4812,2.4
4813,3
4814,2.5
4815,4
4816,3
4817,3
4819,3
4820,3
4822,2.666666667
4824,3
4825,3
4826.1,3.4
4826.2,4
4827.1,3.2
4827.2,4
4828,3
4829,3
4831,4
4832,2.5
4833,2.5
4834.1,2.333333333
4834.2,3.666666667
4835,2.5
4836,3
4837,2.333333333
4840.2,3.5
4841,3
4842,3
4844,3
4845,3.666666667
4846.1,3.166666667
4846.2,3.166666667
4847,3
4849,3
4851,3
4852,2
4853,2.5
4854,3
4855,4
4856,4
4858,4
4859,2.75
4860,3.666666667
4861,3
4862,3
4863.1,3.2
4863.2,3.5
4865,4
4866.1,3
4866.2,3
4867,2.5
4868,3
4869,3
4870,2.5
4871,3
4872,2.333333333
4873,3
4874,4
4875,4
4877,4
4879,3.5
4881.1,2.4
4881.2,3
4882,2.333333333
4883.1,3
4883.2,2.5
4883.3,4
4884,3
4885,4
4886,2
4887,3.666666667
4888.1,2.5
4889,4
4890,2.5
4891,3
4892,4
4893,4
4894,1
4895,4
4896,3
4897,2.8
4898,2.5
4899,3.333333333
4900,3.5
4901,4
4903,4
4905,3
4906,2.75
4910,4
4911,4
4913,4
4914,4
4916,4
4917.2,4
4918,4
4919,4
4920.1,2.5
4921,4
4922,3.8
4923,4
4924,3
4926.1,4
4926.2,4
4927,4
4928,4
4929,4
4930.1,4
4930.2,4
4931,3
4934.1,2
4934.2,4
4934.4,4
4935,3
4936,4
4937,3
4938,3
4940,4
4942,4
4943,3
4944,3
4945,4
4946.1,4
4946.2,4
4947,3
4948,4
4949,4
4950,3
4952,3
4953,3.833333333
4954,3
4955,3
4956.2,4
4957,3.75
4958.1,2.833333333
4958.2,4
4958.3,3
4959,4
4960,3.4
4963,3.666666667
4964,3.333333333
4965,4
4966,4
4968,4
4970,3.5
4971,3.5
4972,2.666666667
4973,3.6
4974,3.6
4975,4
4976,4
4978,4
4980,3
4981,2
4983,2.5
4985,3.5
4988.1,4
4988.2,4
4989,3
4990,4
4991.1,4
4991.2,2.8
4993,3
4994,4
4996,3.333333333
4997,3.333333333
4998,4
4999,4
5000,4
5001,3
5002,4
5003,3
5004,1
5005,1.666666667
5006,4
5007,4
5008,3.6
5009,4
5010,4
5011,3.5
5012,3.5
5013,3.6
5015,3
5016,4
5018,4
5020,3.2
5021,4
5022,4
5024,3
5025,3
5026,3.166666667
5027.1,3
5027.2,3
5028,4
5029,1
5030,4
5031,4
5032,4
5034,4
5035,4
5036.1,4
5036.2,4
5037.1,3
5037.2,3.5
5039,4
5040,4
5041,4
5042,3
5043,3.6
5044,3
5045,2.5
5046,4
5047,4
5048.1,1.5
5049,4
5050,4
5051,4
5052,4
5053,3
5055,3
5056,3.333333333
5057,3
5058.1,3.5
5058.2,4
5059,4
5060,4
5061,3.5
5062,4
5063,2.5
5064,3.2
5065,3
5066,3
5067,4
5068,4
5069,2
5070,4
5072,3
5073,4
5076,2.666666667
5077,3
5078,3
5079,3.8
5080,4
5082,2.5
5084,3.25
5086.1,3.333333333
5086.21,2
5086.22,2.2
5087,3.5
5088,2.5
5089,2.5
5090,3.5
5091,3.333333333
5092,3.5
5093,3.25
5094,3.5
5095,3
5097,4
5098,1
5099,2.5
5101,3.333333333
5102,3.2
5103.1,4
5103.2,4
5104,3.166666667
5105,3
5106,3.333333333
5107,2.5
5108,3.333333333
5109,3
5110,3.285714286
5111,3
5112,2
5113,3.5
5114,3.5
5115,4
5116,1.666666667
5117,1.666666667
5118,2.166666667
5119,3.166666667
5120,2.666666667
5121,2.8
5122,4
5124,2.333333333
5126,3.333333333
5127,2.25
5128,2.5
5129,1.8
5130,3.5
5132,2.5
5134,4
5135,4
5139,4
5141,2.5
5142,1.714285714
5143,2.333333333
5144,3.285714286
5145,2.4
5146,2.166666667
5147,2.2
5148,4
5149,2.6
5150,3.166666667
5153,4
5154,2
5155,3
5156,4
5157,2
5158.1,2
5158.2,3.166666667
5159,2.6
5160,4
5161,4
5162,3
5164,1.75
5166,3.4
5167,2.5
5168,4
5169,4
5172,2.5
5173,3
5174,2.8
5176,4
5177,3
5178,1.75
5180,3.333333333
5181.2,3.5
5182,3
5183,3
5184,2.5
5185,2.666666667
5186.1,2
5186.2,1.6
5187,3
5188,3
5189,3.166666667
5190.1,2
5190.2,3
5191,3.333333333
5192,1.5
5193,3.333333333
5194,2.5
5196.1,2.5
5196.2,3
5196.3,3.6
5197,2
5199,4
5200,2.5
5201,3
5202,3
5203.1,3.666666667
5203.2,4
5204,3.2
5205,2.5
5206,3
5207,3.5
5208.1,2.4
5208.2,3.2
5208.3,1.5
5209.1,3.166666667
5209.2,3.333333333
5210,3.5
5211,2.2
5213,3.285714286
5214,2.4
5215,3
5216,3
5217,3.666666667
5218,3.5
5219,3
5221,2.5
5222.1,2.333333333
5222.2,2.5
5223,2
5224,1.2
5225,2.8
5226.1,3.5
5226.2,3.25
5228,2.5
5229,2.2
5230,2.8
5231,3
5232,2
5233.1,1.8
5233.2,2.5
5235,3.75
5236,2.666666667
5237,3.5
5238,1.6
5239,2.2
5240,3
5241,4
5242.2,2
5242.3,3.5
5243,3
5245,2
5247.1,2.4
5247.2,2.5
5248,2.333333333
5249.1,3.5
5249.2,2.5
5250,2.5
5251,4
5252,3.5
5253,3.5
5254,3.8
5255.1,1
5255.2,2.5
5256,3.5
5257,4
5258.1,4
5259,3.666666667
5260,3
5261,4
5262,4
5263.1,3
5263.2,2
5265,2.5
5266.11,3
5266.12,2.2
5266.2,3
5267,4
5268,4
5270,3.5
5273,4
5274,3
5275,3
5277,2.333333333
5278,3.333333333
5279,1.666666667
5280,4
5281,4
5282,4
5283,3
5284,4
5285,3
5286,4
5287,4
5288,4
5289,4
5290,4
5291,3.4
5293.1,3
5294,4
5295,2.75
5296,4
5298,4
5299,3
5300.1,4
5300.2,3.5
5300.3,4
5301,4
5303,4
5304,4
5305,4
5306,4
5308,4
5309,4
5310,4
5311,4
5312.1,2.5
5312.2,2.4
5314,4
5315,3.4
5316,3.75
5317,4
5318,4
5319,4
5321,4
5323,4
5324,3.2
5325,4
5326,4
5327,3
5328,4
5329,4
5330,4
5331,3
5333,3.2
5334,4
5335,4
5336,3.166666667
5337,4
5338,4
5339,4
5341,4
5342,4
5343,4
5344,4
5345,4
5346,4
5347,4
5348,4
5349,4
5350,4
5351,3.2
5352,4
5353,3
5354,4
5355,3.8
5356,3.5
5357,4
5359,4
5360.1,4
5360.2,2.6
5361,4
5362,3
5364,4
5366,4
5367,2.5
5368,3
5369.1,3
5369.2,4
5370,4
5371,4
5372,4
5373.1,4
5374,3
5375,4
5376,4
5377,4
5378,4
5379,3.4
5381,4
5382,4
5383,4
5384,4
5385,3.25
5386,3.2
5387,4
5389,3.25
5390,3
5391,4
5392,4
5393,3.75
5394.1,4
5394.2,4
5395,4
5396,4
5398,4
5399,3
5400,4
5401,4
5402,4
5403,4
5405,4
5406,4
5407,4
5409,4
5410,3.8
5411,4
5412,4
5413,4
5414,4
5415,4
5416,4
5419,3.833333333
5420,4
5421,4
5422,3.4
5423,4
5424,4
5425,4
5426,4
5427,4
5428,4
5429,4
5430,4
5431.11,3
5431.12,4
5431.2,4
5431.3,4
5432,2
5433,4
5434.1,4
5434.2,4
5435,3.6
5436.1,4
5436.2,4
5437,4
5438,4
5439,3.2
5440,4
5441,4
5442,4
5443,3.6
5444,4
5445,3.666666667
5446,3.5
5447,4
5448,2.833333333
5449.1,2.6
5449.2,4
5450.3,4
5452.1,4
5452.2,3
5453,4
5454,4
5455,3.8
5456,3.666666667
5457,3.4
5458,4
5459,4
5460,4
5461,2.2
5462,2
5463.1,3
5463.2,3
5463.3,3
5464,2.5
5465.1,2
5465.2,3
5466,3
5469,3.142857143
5470.1,2.6
5470.2,3.666666667
5471,3
5472,2.333333333
5473,2.5
5474,3.714285714
5475,2.666666667
5476.1,2
5477,2.4
5478,2.6
5479,3.666666667
5480,3.6
5481,2.666666667
5482,3.333333333
5483,2.8
5484,3.5
5485,3.666666667
5486,3.6
5487.2,2
5488,2
5489,2.2
5490,2
5491.1,3.666666667
5492,3.5
5493,3.5
5494,4
5495,3.285714286
5496,3.2
5497,3
5498,2.333333333
5499,4
5500,4
6501,3.833333333
6502,2
6503,3.5
